country,country_id,year,population,population_millions,population_category
Early-demographic dividend,V2,2024,3552278604,3552.28,High Population
Early-demographic dividend,V2,2023,3511607650,3511.61,High Population
Early-demographic dividend,V2,2022,3470644834,3470.64,High Population
Early-demographic dividend,V2,2021,3432026092,3432.03,High Population
Early-demographic dividend,V2,2020,3396051187,3396.05,High Population
Early-demographic dividend,V2,2019,3355014793,3355.01,High Population
Early-demographic dividend,V2,2018,3314245247,3314.25,High Population
Early-demographic dividend,V2,2017,3274060446,3274.06,High Population
Early-demographic dividend,V2,2016,3233033717,3233.03,High Population
Early-demographic dividend,V2,2015,3190318707,3190.32,High Population
Early-demographic dividend,V2,2014,3146800078,3146.8,High Population
Early-demographic dividend,V2,2013,3103677284,3103.68,High Population
Early-demographic dividend,V2,2012,3058869436,3058.87,High Population
Early-demographic dividend,V2,2011,3013476947,3013.48,High Population
Early-demographic dividend,V2,2010,2967104472,2967.1,High Population
Early-demographic dividend,V2,2009,2921563644,2921.56,High Population
Early-demographic dividend,V2,2008,2875943965,2875.94,High Population
Early-demographic dividend,V2,2007,2830531957,2830.53,High Population
Early-demographic dividend,V2,2006,2784726644,2784.73,High Population
Early-demographic dividend,V2,2005,2738846905,2738.85,High Population
Early-demographic dividend,V2,2004,2693184997,2693.18,High Population
Early-demographic dividend,V2,2003,2647109296,2647.11,High Population
Early-demographic dividend,V2,2002,2601917557,2601.92,High Population
Early-demographic dividend,V2,2001,2556335424,2556.34,High Population
Early-demographic dividend,V2,2000,2509431470,2509.43,High Population
Early-demographic dividend,V2,1999,2462704115,2462.7,High Population
Early-demographic dividend,V2,1998,2416119734,2416.12,High Population
East Asia & Pacific,Z4,2024,2388319494,2388.32,High Population
East Asia & Pacific,Z4,2023,2384441485,2384.44,High Population
East Asia & Pacific,Z4,2022,2379617118,2379.62,High Population
East Asia & Pacific,Z4,2021,2375117716,2375.12,High Population
East Asia & Pacific,Z4,2020,2369420882,2369.42,High Population
Early-demographic dividend,V2,1997,2369042441,2369.04,High Population
East Asia & Pacific,Z4,2019,2359762190,2359.76,High Population
East Asia & Pacific,Z4,2018,2347576325,2347.58,High Population
East Asia & Pacific,Z4,2017,2333475520,2333.48,High Population
Early-demographic dividend,V2,1996,2321284245,2321.28,High Population
East Asia & Pacific,Z4,2016,2317076058,2317.08,High Population
East Asia & Pacific,Z4,2015,2300844269,2300.84,High Population
East Asia & Pacific,Z4,2014,2284385542,2284.39,High Population
Early-demographic dividend,V2,1995,2273692181,2273.69,High Population
East Asia & Pacific,Z4,2013,2267072102,2267.07,High Population
East Asia & Pacific,Z4,2012,2249081393,2249.08,High Population
East Asia & Pacific,Z4,2011,2230826576,2230.83,High Population
Early-demographic dividend,V2,1994,2228719169,2228.72,High Population
East Asia & Pacific,Z4,2010,2214613815,2214.61,High Population
East Asia & Pacific,Z4,2009,2199148703,2199.15,High Population
Early-demographic dividend,V2,1993,2184656122,2184.66,High Population
East Asia & Pacific,Z4,2008,2183472438,2183.47,High Population
East Asia & Pacific,Z4,2007,2167046538,2167.05,High Population
East Asia & Pacific,Z4,2006,2150688938,2150.69,High Population
East Asia & Pacific (excluding high income),4E,2024,2141122258,2141.12,High Population
Early-demographic dividend,V2,1992,2138854231,2138.85,High Population
East Asia & Pacific (excluding high income),4E,2023,2137527754,2137.53,High Population
East Asia & Pacific,Z4,2005,2134573057,2134.57,High Population
East Asia & Pacific (excluding high income),4E,2022,2133560408,2133.56,High Population
East Asia & Pacific (excluding high income),4E,2021,2128553744,2128.55,High Population
East Asia & Pacific (excluding high income),4E,2020,2121866294,2121.87,High Population
East Asia & Pacific,Z4,2004,2118747885,2118.75,High Population
East Asia & Pacific (excluding high income),4E,2019,2112289891,2112.29,High Population
East Asia & Pacific,Z4,2003,2102761941,2102.76,High Population
East Asia & Pacific (excluding high income),4E,2018,2100698838,2100.7,High Population
Early-demographic dividend,V2,1991,2092102478,2092.1,High Population
East Asia & Pacific (excluding high income),4E,2017,2087238522,2087.24,High Population
East Asia & Pacific,Z4,2002,2086144389,2086.14,High Population
East Asia & Pacific (excluding high income),4E,2016,2071486140,2071.49,High Population
East Asia & Pacific,Z4,2001,2068682053,2068.68,High Population
East Asia & Pacific (excluding high income),4E,2015,2056050896,2056.05,High Population
East Asia & Pacific,Z4,2000,2050149617,2050.15,High Population
Early-demographic dividend,V2,1990,2044241467,2044.24,High Population
East Asia & Pacific (excluding high income),4E,2014,2040383789,2040.38,High Population
East Asia & Pacific,Z4,1999,2030912462,2030.91,High Population
East Asia & Pacific (excluding high income),4E,2013,2023850158,2023.85,High Population
East Asia & Pacific,Z4,1998,2010443502,2010.44,High Population
East Asia & Pacific (excluding high income),4E,2012,2006566431,2006.57,High Population
Early-demographic dividend,V2,1989,1994666990,1994.67,High Population
East Asia & Pacific (excluding high income),4E,2011,1989106668,1989.11,High Population
East Asia & Pacific,Z4,1997,1988067577,1988.07,High Population
East Asia & Pacific (excluding high income),4E,2010,1973602166,1973.6,High Population
East Asia & Pacific,Z4,1996,1964830092,1964.83,High Population
East Asia & Pacific (excluding high income),4E,2009,1959017463,1959.02,High Population
Early-demographic dividend,V2,1988,1947928955,1947.93,High Population
East Asia & Pacific (excluding high income),4E,2008,1944305887,1944.31,High Population
East Asia & Pacific,Z4,1995,1941185229,1941.19,High Population
East Asia & Pacific (excluding high income),4E,2007,1929185103,1929.19,High Population
East Asia & Pacific,Z4,1994,1917389243,1917.39,High Population
East Asia & Pacific (excluding high income),4E,2006,1914002124,1914.0,High Population
Early-demographic dividend,V2,1987,1901405537,1901.41,High Population
East Asia & Pacific (excluding high income),4E,2005,1898853723,1898.85,High Population
East Asia & Pacific,Z4,1993,1893258583,1893.26,High Population
East Asia & Pacific (excluding high income),4E,2004,1883675167,1883.68,High Population
East Asia & Pacific,Z4,1992,1869074614,1869.07,High Population
East Asia & Pacific (excluding high income),4E,2003,1868409996,1868.41,High Population
Early-demographic dividend,V2,1986,1855391159,1855.39,High Population
East Asia & Pacific (excluding high income),4E,2002,1852659155,1852.66,High Population
East Asia & Pacific,Z4,1991,1844189975,1844.19,High Population
East Asia & Pacific (excluding high income),4E,2001,1836260943,1836.26,High Population
East Asia & Pacific (excluding high income),4E,2000,1819011507,1819.01,High Population
East Asia & Pacific,Z4,1990,1817735909,1817.74,High Population
Early-demographic dividend,V2,1985,1810019176,1810.02,High Population
East Asia & Pacific (excluding high income),4E,1999,1800932833,1800.93,High Population
East Asia & Pacific,Z4,1989,1790597018,1790.6,High Population
East Asia & Pacific (excluding high income),4E,1998,1781546477,1781.55,High Population
Early-demographic dividend,V2,1984,1765269111,1765.27,High Population
East Asia & Pacific,Z4,1988,1762936165,1762.94,High Population
East Asia & Pacific (excluding high income),4E,1997,1760512371,1760.51,High Population
East Asia & Pacific (excluding high income),4E,1996,1738632397,1738.63,High Population
East Asia & Pacific,Z4,1987,1734703629,1734.7,High Population
Early-demographic dividend,V2,1983,1721104015,1721.1,High Population
East Asia & Pacific (excluding high income),4E,1995,1716602413,1716.6,High Population
East Asia & Pacific,Z4,1986,1706848439,1706.85,High Population
East Asia & Pacific (excluding high income),4E,1994,1694244506,1694.24,High Population
East Asia & Pacific,Z4,1985,1680467718,1680.47,High Population
Early-demographic dividend,V2,1982,1677532811,1677.53,High Population
East Asia & Pacific (excluding high income),4E,1993,1671604370,1671.6,High Population
East Asia & Pacific,Z4,1984,1655263328,1655.26,High Population
East Asia & Pacific (excluding high income),4E,1992,1648872786,1648.87,High Population
Early-demographic dividend,V2,1981,1634107159,1634.11,High Population
East Asia & Pacific,Z4,1983,1630462798,1630.46,High Population
East Asia & Pacific (excluding high income),4E,1991,1625498444,1625.5,High Population
East Asia & Pacific,Z4,1982,1604460320,1604.46,High Population
East Asia & Pacific (excluding high income),4E,1990,1600739173,1600.74,High Population
Early-demographic dividend,V2,1980,1591961664,1591.96,High Population
East Asia & Pacific,Z4,1981,1578588756,1578.59,High Population
East Asia & Pacific (excluding high income),4E,1989,1575101307,1575.1,High Population
East Asia & Pacific,Z4,1980,1555055871,1555.06,High Population
Early-demographic dividend,V2,1979,1552194676,1552.19,High Population
East Asia & Pacific (excluding high income),4E,1988,1549038591,1549.04,High Population
East Asia & Pacific,Z4,1979,1532261700,1532.26,High Population
Early-demographic dividend,V2,1978,1514572817,1514.57,High Population
East Asia & Pacific,Z4,1978,1509073118,1509.07,High Population
East Asia & Pacific,Z4,1977,1486397441,1486.4,High Population
Early-demographic dividend,V2,1977,1478479688,1478.48,High Population
East Asia & Pacific,Z4,1976,1463747757,1463.75,High Population
Early-demographic dividend,V2,1976,1442753987,1442.75,High Population
East Asia & Pacific,Z4,1975,1439634332,1439.63,High Population
East Asia & Pacific,Z4,1974,1413496627,1413.5,High Population
Early-demographic dividend,V2,1975,1407636737,1407.64,High Population
East Asia & Pacific,Z4,1973,1384605041,1384.61,High Population
Early-demographic dividend,V2,1974,1373219822,1373.22,High Population
East Asia & Pacific,Z4,1972,1354228289,1354.23,High Population
Early-demographic dividend,V2,1973,1339671375,1339.67,High Population
East Asia & Pacific,Z4,1971,1322856516,1322.86,High Population
Early-demographic dividend,V2,1972,1307009646,1307.01,High Population
East Asia & Pacific,Z4,1970,1288721548,1288.72,High Population
Early-demographic dividend,V2,1971,1276141826,1276.14,High Population
East Asia & Pacific,Z4,1969,1256167955,1256.17,High Population
Early-demographic dividend,V2,1970,1245960808,1245.96,High Population
East Asia & Pacific,Z4,1968,1224397449,1224.4,High Population
Early-demographic dividend,V2,1969,1215536741,1215.54,High Population
East Asia & Pacific,Z4,1967,1194633135,1194.63,High Population
Early-demographic dividend,V2,1968,1185936827,1185.94,High Population
East Asia & Pacific,Z4,1966,1166223463,1166.22,High Population
Early-demographic dividend,V2,1967,1156817324,1156.82,High Population
East Asia & Pacific,Z4,1965,1136869154,1136.87,High Population
Early-demographic dividend,V2,1966,1128474732,1128.47,High Population
East Asia & Pacific,Z4,1964,1110651177,1110.65,High Population
Early-demographic dividend,V2,1965,1101264258,1101.26,High Population
East Asia & Pacific,Z4,1963,1085095424,1085.1,High Population
Early-demographic dividend,V2,1964,1074021283,1074.02,High Population
East Asia & Pacific,Z4,1962,1059216594,1059.22,High Population
Early-demographic dividend,V2,1963,1046697479,1046.7,High Population
East Asia & Pacific,Z4,1961,1044749888,1044.75,High Population
East Asia & Pacific,Z4,1960,1042818620,1042.82,High Population
Early-demographic dividend,V2,1962,1020130725,1020.13,High Population
Early-demographic dividend,V2,1961,994176841,994.18,High Population
Early-demographic dividend,V2,1960,968909356,968.91,High Population
Africa Eastern and Southern,ZH,2024,769280888,769.28,High Population
Africa Eastern and Southern,ZH,2023,750491370,750.49,High Population
Africa Eastern and Southern,ZH,2022,731821393,731.82,High Population
Africa Eastern and Southern,ZH,2021,713090928,713.09,High Population
Africa Eastern and Southern,ZH,2020,694446100,694.45,High Population
Africa Eastern and Southern,ZH,2019,675950189,675.95,High Population
Africa Eastern and Southern,ZH,2018,657801085,657.8,High Population
Africa Eastern and Southern,ZH,2017,640058741,640.06,High Population
Africa Eastern and Southern,ZH,2016,623369401,623.37,High Population
Africa Eastern and Southern,ZH,2015,607123269,607.12,High Population
Africa Eastern and Southern,ZH,2014,590968990,590.97,High Population
Africa Eastern and Southern,ZH,2013,575202699,575.2,High Population
Africa Eastern and Southern,ZH,2012,559609961,559.61,High Population
Africa Eastern and Southern,ZH,2011,544737983,544.74,High Population
Africa Eastern and Southern,ZH,2010,530308387,530.31,High Population
Africa Western and Central,ZI,2024,521764076,521.76,High Population
Africa Eastern and Southern,ZH,2009,516003448,516.0,High Population
Africa Western and Central,ZI,2023,509398589,509.4,High Population
Africa Eastern and Southern,ZH,2008,502070763,502.07,High Population
Africa Western and Central,ZI,2022,497387180,497.39,High Population
Arab World,1A,2024,492612632,492.61,High Population
Africa Eastern and Southern,ZH,2007,488580707,488.58,High Population
Africa Western and Central,ZI,2021,485920997,485.92,High Population
Arab World,1A,2023,482105978,482.11,High Population
Africa Eastern and Southern,ZH,2006,475606210,475.61,High Population
Africa Western and Central,ZI,2020,474569351,474.57,High Population
Arab World,1A,2022,471352066,471.35,High Population
Africa Western and Central,ZI,2019,463365429,463.37,High Population
Africa Eastern and Southern,ZH,2005,463076637,463.08,High Population
Arab World,1A,2021,460646603,460.65,High Population
Arab World,1A,2020,453723239,453.72,High Population
Africa Western and Central,ZI,2018,452195915,452.2,High Population
Africa Eastern and Southern,ZH,2004,450928044,450.93,High Population
Arab World,1A,2019,444281315,444.28,High Population
Africa Western and Central,ZI,2017,440882906,440.88,High Population
Africa Eastern and Southern,ZH,2003,439173286,439.17,High Population
Arab World,1A,2018,435998060,436.0,High Population
Africa Western and Central,ZI,2016,429454743,429.45,High Population
Arab World,1A,2017,428315886,428.32,High Population
Africa Eastern and Southern,ZH,2002,427820358,427.82,High Population
Arab World,1A,2016,419808341,419.81,High Population
Africa Western and Central,ZI,2015,418127845,418.13,High Population
Africa Eastern and Southern,ZH,2001,416807868,416.81,High Population
Arab World,1A,2015,410190679,410.19,High Population
Africa Western and Central,ZI,2014,406992047,406.99,High Population
Africa Eastern and Southern,ZH,2000,406156661,406.16,High Population
Arab World,1A,2014,400231008,400.23,High Population
Africa Western and Central,ZI,2013,396030207,396.03,High Population
Africa Eastern and Southern,ZH,1999,395750933,395.75,High Population
Arab World,1A,2013,390954281,390.95,High Population
Africa Eastern and Southern,ZH,1998,385505757,385.51,High Population
Africa Western and Central,ZI,2012,385360349,385.36,High Population
Arab World,1A,2012,381030177,381.03,High Population
Africa Eastern and Southern,ZH,1997,375646235,375.65,High Population
Africa Western and Central,ZI,2011,374790143,374.79,High Population
Arab World,1A,2011,372054934,372.05,High Population
Africa Eastern and Southern,ZH,1996,366138524,366.14,High Population
Africa Western and Central,ZI,2010,364358270,364.36,High Population
Arab World,1A,2010,363568534,363.57,High Population
Africa Eastern and Southern,ZH,1995,356580375,356.58,High Population
Arab World,1A,2009,356386673,356.39,High Population
Africa Western and Central,ZI,2009,354343844,354.34,High Population
Arab World,1A,2008,347684619,347.68,High Population
Africa Eastern and Southern,ZH,1994,347441809,347.44,High Population
Africa Western and Central,ZI,2008,344586109,344.59,High Population
Arab World,1A,2007,338947976,338.95,High Population
Africa Eastern and Southern,ZH,1993,338324002,338.32,High Population
Africa Western and Central,ZI,2007,334984176,334.98,High Population
Arab World,1A,2006,330526310,330.53,High Population
Africa Eastern and Southern,ZH,1992,329082707,329.08,High Population
Africa Western and Central,ZI,2006,325663158,325.66,High Population
Arab World,1A,2005,322628451,322.63,High Population
Africa Eastern and Southern,ZH,1991,320442961,320.44,High Population
Africa Western and Central,ZI,2005,316588476,316.59,High Population
Arab World,1A,2004,315060277,315.06,High Population
Africa Eastern and Southern,ZH,1990,311748681,311.75,High Population
Arab World,1A,2003,307815105,307.82,High Population
Africa Western and Central,ZI,2004,307725100,307.73,High Population
Africa Eastern and Southern,ZH,1989,302939121,302.94,High Population
Arab World,1A,2002,300691509,300.69,High Population
Africa Western and Central,ZI,2003,299142845,299.14,High Population
Africa Eastern and Southern,ZH,1988,294498625,294.5,High Population
Arab World,1A,2001,293580252,293.58,High Population
Africa Western and Central,ZI,2002,290841795,290.84,High Population
Arab World,1A,2000,286548096,286.55,High Population
Africa Eastern and Southern,ZH,1987,286067346,286.07,High Population
Africa Western and Central,ZI,2001,282780717,282.78,High Population
Arab World,1A,1999,279709634,279.71,High Population
Africa Eastern and Southern,ZH,1986,277621771,277.62,High Population
Africa Western and Central,ZI,2000,274968446,274.97,High Population
Arab World,1A,1998,273094199,273.09,High Population
Africa Eastern and Southern,ZH,1985,269450407,269.45,High Population
Africa Western and Central,ZI,1999,267506298,267.51,High Population
Arab World,1A,1997,266565183,266.57,High Population
Africa Eastern and Southern,ZH,1984,261458202,261.46,High Population
Africa Western and Central,ZI,1998,260297834,260.3,High Population
Arab World,1A,1996,260229121,260.23,High Population
Arab World,1A,1995,253952538,253.95,High Population
Africa Eastern and Southern,ZH,1983,253644643,253.64,High Population
Africa Western and Central,ZI,1997,253207584,253.21,High Population
Arab World,1A,1994,247626514,247.63,High Population
Africa Western and Central,ZI,1996,246415446,246.42,High Population
Africa Eastern and Southern,ZH,1982,245822010,245.82,High Population
Arab World,1A,1993,240926205,240.93,High Population
Africa Western and Central,ZI,1995,239801875,239.8,High Population
Africa Eastern and Southern,ZH,1981,238043099,238.04,High Population
Arab World,1A,1992,234321565,234.32,High Population
Africa Western and Central,ZI,1994,233360104,233.36,High Population
Africa Eastern and Southern,ZH,1980,230792729,230.79,High Population
Arab World,1A,1991,228402316,228.4,High Population
Africa Western and Central,ZI,1993,227246778,227.25,High Population
Africa Eastern and Southern,ZH,1979,223974122,223.97,High Population
Arab World,1A,1990,223184294,223.18,High Population
Africa Western and Central,ZI,1992,221191375,221.19,High Population
Africa Eastern and Southern,ZH,1978,217074286,217.07,High Population
Arab World,1A,1989,215969068,215.97,High Population
Africa Western and Central,ZI,1991,215178709,215.18,High Population
Africa Eastern and Southern,ZH,1977,210680842,210.68,High Population
Arab World,1A,1988,210269696,210.27,High Population
Africa Western and Central,ZI,1990,209566031,209.57,High Population
Africa Eastern and Southern,ZH,1976,204802976,204.8,High Population
Arab World,1A,1987,204524595,204.52,High Population
Africa Western and Central,ZI,1989,204062274,204.06,High Population
Africa Eastern and Southern,ZH,1975,198914573,198.91,High Population
Arab World,1A,1986,198509771,198.51,High Population
Africa Western and Central,ZI,1988,198485027,198.49,High Population
Africa Eastern and Southern,ZH,1974,193186642,193.19,High Population
Africa Western and Central,ZI,1987,193104347,193.1,High Population
Arab World,1A,1985,192563243,192.56,High Population
Africa Western and Central,ZI,1986,187889141,187.89,High Population
Africa Eastern and Southern,ZH,1973,187524135,187.52,High Population
Arab World,1A,1984,186733957,186.73,High Population
Africa Western and Central,ZI,1985,182811038,182.81,High Population
Africa Eastern and Southern,ZH,1972,182126556,182.13,High Population
Arab World,1A,1983,180973288,180.97,High Population
Africa Western and Central,ZI,1984,177880746,177.88,High Population
Africa Eastern and Southern,ZH,1971,177022314,177.02,High Population
Arab World,1A,1982,175370356,175.37,High Population
Africa Western and Central,ZI,1983,173255157,173.26,High Population
Africa Eastern and Southern,ZH,1970,171984985,171.98,High Population
Arab World,1A,1981,170015485,170.02,High Population
Africa Western and Central,ZI,1982,168585118,168.59,High Population
Africa Eastern and Southern,ZH,1969,167088245,167.09,High Population
Arab World,1A,1980,164657321,164.66,High Population
Africa Western and Central,ZI,1981,163762473,163.76,High Population
Africa Eastern and Southern,ZH,1968,162329396,162.33,High Population
Africa Western and Central,ZI,1980,159166518,159.17,High Population
Arab World,1A,1979,159054118,159.05,High Population
Africa Eastern and Southern,ZH,1967,157704381,157.7,High Population
Africa Western and Central,ZI,1979,154721711,154.72,High Population
Arab World,1A,1978,153568663,153.57,High Population
Africa Eastern and Southern,ZH,1966,153281203,153.28,High Population
Africa Western and Central,ZI,1978,150402616,150.4,High Population
Africa Eastern and Southern,ZH,1965,149033472,149.03,High Population
Arab World,1A,1977,148599336,148.6,High Population
Africa Western and Central,ZI,1977,146258576,146.26,High Population
Africa Eastern and Southern,ZH,1964,144904094,144.9,High Population
Arab World,1A,1976,144014135,144.01,High Population
Africa Western and Central,ZI,1976,142337272,142.34,High Population
Africa Eastern and Southern,ZH,1963,140945536,140.95,High Population
Arab World,1A,1975,139495837,139.5,High Population
Africa Western and Central,ZI,1975,138569918,138.57,High Population
Africa Eastern and Southern,ZH,1962,137171659,137.17,High Population
Arab World,1A,1974,135282861,135.28,High Population
Africa Western and Central,ZI,1974,134911581,134.91,High Population
Africa Eastern and Southern,ZH,1961,133534923,133.53,High Population
Africa Western and Central,ZI,1973,131449942,131.45,High Population
Arab World,1A,1973,131335660,131.34,High Population
Africa Eastern and Southern,ZH,1960,130075728,130.08,High Population
Africa Western and Central,ZI,1972,128176494,128.18,High Population
Arab World,1A,1972,127535560,127.54,High Population
Africa Western and Central,ZI,1971,125072948,125.07,High Population
Arab World,1A,1971,123950810,123.95,High Population
Africa Western and Central,ZI,1970,122086536,122.09,High Population
Arab World,1A,1970,120469263,120.47,High Population
Africa Western and Central,ZI,1969,119203521,119.2,High Population
Arab World,1A,1969,117053219,117.05,High Population
Africa Western and Central,ZI,1968,116444636,116.44,High Population
Africa Western and Central,ZI,1967,113795019,113.8,High Population
Arab World,1A,1968,113712171,113.71,High Population
Africa Western and Central,ZI,1966,111246953,111.25,High Population
Central Europe and the Baltics,B8,1989,110801640,110.8,High Population
Central Europe and the Baltics,B8,1990,110743128,110.74,High Population
Central Europe and the Baltics,B8,1988,110686740,110.69,High Population
Arab World,1A,1967,110491709,110.49,High Population
Central Europe and the Baltics,B8,1991,110469467,110.47,High Population
Central Europe and the Baltics,B8,1987,110296425,110.3,High Population
Central Europe and the Baltics,B8,1992,110111454,110.11,High Population
Central Europe and the Baltics,B8,1993,110041924,110.04,High Population
Central Europe and the Baltics,B8,1994,110021594,110.02,High Population
Central Europe and the Baltics,B8,1995,109864246,109.86,High Population
Central Europe and the Baltics,B8,1986,109824166,109.82,High Population
Central Europe and the Baltics,B8,1996,109626194,109.63,High Population
Central Europe and the Baltics,B8,1997,109422013,109.42,High Population
Central Europe and the Baltics,B8,1985,109338285,109.34,High Population
Central Europe and the Baltics,B8,1998,109238340,109.24,High Population
Central Europe and the Baltics,B8,1999,109060951,109.06,High Population
Central Europe and the Baltics,B8,1984,108838073,108.84,High Population
Africa Western and Central,ZI,1965,108772632,108.77,High Population
Central Europe and the Baltics,B8,2000,108447824,108.45,High Population
Central Europe and the Baltics,B8,1983,108297837,108.3,High Population
Central Europe and the Baltics,B8,1982,107730380,107.73,High Population
Central Europe and the Baltics,B8,2001,107660041,107.66,High Population
Arab World,1A,1966,107403055,107.4,High Population
Central Europe and the Baltics,B8,1981,107129392,107.13,High Population
Central Europe and the Baltics,B8,2002,106959751,106.96,High Population
Central Europe and the Baltics,B8,2003,106624167,106.62,High Population
Central Europe and the Baltics,B8,1980,106541316,106.54,High Population
Africa Western and Central,ZI,1964,106388440,106.39,High Population
Central Europe and the Baltics,B8,2004,106331716,106.33,High Population
Central Europe and the Baltics,B8,2005,106041911,106.04,High Population
Central Europe and the Baltics,B8,1979,105948616,105.95,High Population
Central Europe and the Baltics,B8,2006,105772481,105.77,High Population
Central Europe and the Baltics,B8,2007,105378748,105.38,High Population
Central Europe and the Baltics,B8,1978,105329397,105.33,High Population
Central Europe and the Baltics,B8,2008,105001883,105.0,High Population
Central Europe and the Baltics,B8,2009,104800475,104.8,High Population
Central Europe and the Baltics,B8,1977,104616884,104.62,High Population
Arab World,1A,1965,104494008,104.49,High Population
Central Europe and the Baltics,B8,2010,104421447,104.42,High Population
Central Europe and the Baltics,B8,2011,104174038,104.17,High Population
Africa Western and Central,ZI,1963,104089175,104.09,High Population
Central Europe and the Baltics,B8,2012,103929494,103.93,High Population
Central Europe and the Baltics,B8,1976,103776068,103.78,High Population
Central Europe and the Baltics,B8,2013,103570062,103.57,High Population
Central Europe and the Baltics,B8,2014,103280478,103.28,High Population
Central Europe and the Baltics,B8,2015,102973167,102.97,High Population
Central Europe and the Baltics,B8,1975,102860571,102.86,High Population
Central Europe and the Baltics,B8,2016,102647939,102.65,High Population
Central Europe and the Baltics,B8,2017,102337501,102.34,High Population
Central Europe and the Baltics,B8,2018,102074201,102.07,High Population
Central Europe and the Baltics,B8,1974,101939916,101.94,High Population
Central Europe and the Baltics,B8,2019,101864274,101.86,High Population
Africa Western and Central,ZI,1962,101854756,101.85,High Population
Arab World,1A,1964,101729760,101.73,High Population
Central Europe and the Baltics,B8,2020,101215763,101.22,High Population
Central Europe and the Baltics,B8,1973,101112680,101.11,High Population
Central Europe and the Baltics,B8,1972,100357161,100.36,High Population
Central Europe and the Baltics,B8,2021,100205732,100.21,High Population
Central Europe and the Baltics,B8,2023,100183707,100.18,High Population
Central Europe and the Baltics,B8,2022,100071871,100.07,High Population
Central Europe and the Baltics,B8,2024,100061963,100.06,High Population
Africa Western and Central,ZI,1961,99706674,99.71,Medium Population
Central Europe and the Baltics,B8,1971,99635258,99.64,Medium Population
Central Europe and the Baltics,B8,1970,99134548,99.13,Medium Population
Arab World,1A,1963,99038509,99.04,Medium Population
Central Europe and the Baltics,B8,1969,98606630,98.61,Medium Population
Central Europe and the Baltics,B8,1968,97884022,97.88,Medium Population
Africa Western and Central,ZI,1960,97630925,97.63,Medium Population
Central Europe and the Baltics,B8,1967,97043270,97.04,Medium Population
Arab World,1A,1962,96428599,96.43,Medium Population
Central Europe and the Baltics,B8,1966,96146336,96.15,Medium Population
Central Europe and the Baltics,B8,1965,95440988,95.44,Medium Population
Central Europe and the Baltics,B8,1964,94715795,94.72,Medium Population
Arab World,1A,1961,93931683,93.93,Medium Population
Central Europe and the Baltics,B8,1963,93840016,93.84,Medium Population
Central Europe and the Baltics,B8,1962,93008589,93.01,Medium Population
Central Europe and the Baltics,B8,1961,92231375,92.23,Medium Population
Arab World,1A,1960,91540853,91.54,Medium Population
Central Europe and the Baltics,B8,1960,91401309,91.4,Medium Population
Caribbean small states,S3,2024,4539060,4.54,Low Population
Caribbean small states,S3,2023,4519904,4.52,Low Population
Caribbean small states,S3,2022,4497310,4.5,Low Population
Caribbean small states,S3,2021,4479167,4.48,Low Population
Caribbean small states,S3,2020,4459302,4.46,Low Population
Caribbean small states,S3,2019,4443134,4.44,Low Population
Caribbean small states,S3,2018,4407658,4.41,Low Population
Caribbean small states,S3,2017,4366140,4.37,Low Population
Caribbean small states,S3,2016,4341333,4.34,Low Population
Caribbean small states,S3,2015,4314191,4.31,Low Population
Caribbean small states,S3,2014,4286546,4.29,Low Population
Caribbean small states,S3,2013,4257682,4.26,Low Population
Caribbean small states,S3,2012,4228445,4.23,Low Population
Caribbean small states,S3,2011,4201107,4.2,Low Population
Caribbean small states,S3,2010,4173335,4.17,Low Population
Caribbean small states,S3,2009,4146899,4.15,Low Population
Caribbean small states,S3,2008,4124966,4.12,Low Population
Caribbean small states,S3,2007,4098855,4.1,Low Population
Caribbean small states,S3,2004,4080569,4.08,Low Population
Caribbean small states,S3,2006,4072929,4.07,Low Population
Caribbean small states,S3,2003,4050990,4.05,Low Population
Caribbean small states,S3,2005,4049468,4.05,Low Population
Caribbean small states,S3,2002,4018796,4.02,Low Population
Caribbean small states,S3,2001,3987087,3.99,Low Population
Caribbean small states,S3,2000,3956229,3.96,Low Population
Caribbean small states,S3,1999,3925229,3.93,Low Population
Caribbean small states,S3,1998,3893594,3.89,Low Population
Caribbean small states,S3,1997,3861673,3.86,Low Population
Caribbean small states,S3,1996,3829184,3.83,Low Population
Caribbean small states,S3,1995,3795917,3.8,Low Population
Caribbean small states,S3,1994,3763806,3.76,Low Population
Caribbean small states,S3,1993,3735156,3.74,Low Population
Caribbean small states,S3,1992,3706523,3.71,Low Population
Caribbean small states,S3,1991,3677765,3.68,Low Population
Caribbean small states,S3,1990,3654949,3.65,Low Population
Caribbean small states,S3,1989,3634409,3.63,Low Population
Caribbean small states,S3,1988,3610609,3.61,Low Population
Caribbean small states,S3,1987,3586018,3.59,Low Population
Caribbean small states,S3,1986,3559870,3.56,Low Population
Caribbean small states,S3,1985,3530570,3.53,Low Population
Caribbean small states,S3,1984,3502418,3.5,Low Population
Caribbean small states,S3,1983,3476621,3.48,Low Population
Caribbean small states,S3,1982,3450895,3.45,Low Population
Caribbean small states,S3,1981,3425354,3.43,Low Population
Caribbean small states,S3,1980,3399087,3.4,Low Population
Caribbean small states,S3,1979,3373242,3.37,Low Population
Caribbean small states,S3,1978,3348386,3.35,Low Population
Caribbean small states,S3,1977,3322722,3.32,Low Population
Caribbean small states,S3,1976,3296410,3.3,Low Population
Caribbean small states,S3,1975,3269733,3.27,Low Population
Caribbean small states,S3,1974,3242803,3.24,Low Population
Caribbean small states,S3,1973,3215024,3.22,Low Population
Caribbean small states,S3,1972,3185617,3.19,Low Population
Caribbean small states,S3,1971,3148560,3.15,Low Population
Caribbean small states,S3,1970,3104308,3.1,Low Population
Caribbean small states,S3,1969,3055925,3.06,Low Population
Caribbean small states,S3,1968,3002786,3.0,Low Population
Caribbean small states,S3,1967,2948759,2.95,Low Population
Caribbean small states,S3,1966,2894435,2.89,Low Population
Caribbean small states,S3,1965,2839698,2.84,Low Population
Caribbean small states,S3,1964,2784804,2.78,Low Population
Caribbean small states,S3,1963,2728278,2.73,Low Population
Caribbean small states,S3,1962,2670187,2.67,Low Population
Caribbean small states,S3,1961,2614258,2.61,Low Population
Caribbean small states,S3,1960,2558348,2.56,Low Population
